DATE,VIX,S&P 500
02-Jan-90,18.19,386.162
03-Jan-90,18.19,385.171
04-Jan-90,19.22,382.018
05-Jan-90,20.11,378.299
08-Jan-90,20.26,380.039
09-Jan-90,22.20,375.564
10-Jan-90,22.44,373.087
11-Jan-90,20.05,374.398
12-Jan-90,24.64,365.223
15-Jan-90,26.34,362.075
16-Jan-90,24.18,366.121
17-Jan-90,24.16,362.536
18-Jan-90,24.34,363.384
19-Jan-90,22.50,364.427
22-Jan-90,26.70,355.040
23-Jan-90,24.72,356.364
24-Jan-90,25.39,348.436
25-Jan-90,25.63,350.515
26-Jan-90,26.28,350.246
29-Jan-90,26.44,349.674
30-Jan-90,27.25,347.375
31-Jan-90,25.36,353.937
01-Feb-90,24.87,353.678
02-Feb-90,24.32,356.025
05-Feb-90,24.54,357.283
06-Feb-90,24.69,355.054
07-Feb-90,24.29,359.530
08-Feb-90,23.77,358.699
09-Feb-90,23.69,359.575
12-Feb-90,24.38,355.889
13-Feb-90,23.76,357.009
14-Feb-90,22.05,358.099
15-Feb-90,19.71,361.230
16-Feb-90,20.78,358.987
20-Feb-90,22.78,353.910
21-Feb-90,23.89,353.567
22-Feb-90,22.54,351.484
23-Feb-90,23.69,349.900
26-Feb-90,23.56,354.875
27-Feb-90,22.69,356.661
28-Feb-90,21.99,358.496
01-Mar-90,21.90,359.457
02-Mar-90,21.34,362.485
05-Mar-90,22.03,360.681
06-Mar-90,20.55,365.242
07-Mar-90,19.10,364.194
08-Mar-90,19.74,367.793
09-Mar-90,20.30,365.420
12-Mar-90,20.07,366.243
13-Mar-90,21.05,363.371
14-Mar-90,19.65,364.318
15-Mar-90,18.81,365.626
16-Mar-90,17.62,369.789
19-Mar-90,18.29,371.558
20-Mar-90,19.06,369.465
21-Mar-90,20.10,367.489
22-Mar-90,22.74,363.110
23-Mar-90,20.46,364.769
26-Mar-90,19.59,365.436
27-Mar-90,21.01,369.640
28-Mar-90,19.77,370.190
29-Mar-90,18.46,368.881
30-Mar-90,19.73,367.995
02-Apr-90,22.84,366.724
03-Apr-90,20.44,372.125
04-Apr-90,22.03,369.533
05-Apr-90,21.21,369.151
06-Apr-90,21.76,368.483
09-Apr-90,22.30,369.888
10-Apr-90,21.69,370.647
11-Apr-90,17.73,370.486
12-Apr-90,19.80,373.142
16-Apr-90,20.75,373.611
17-Apr-90,20.38,373.553
18-Apr-90,22.67,369.275
19-Apr-90,22.46,366.431
20-Apr-90,23.33,363.223
23-Apr-90,24.16,358.853
24-Apr-90,21.70,358.130
25-Apr-90,20.86,359.980
26-Apr-90,20.25,361.004
27-Apr-90,22.19,356.882
30-Apr-90,19.52,358.815
01-May-90,18.43,360.483
02-May-90,19.32,362.920
03-May-90,17.81,364.212
04-May-90,17.28,367.462
07-May-90,17.65,369.895
08-May-90,18.49,371.637
09-May-90,18.64,372.641
10-May-90,18.59,373.739
11-May-90,19.81,382.719
14-May-90,20.14,385.894
15-May-90,19.49,385.402
16-May-90,17.71,385.178
17-May-90,17.27,385.708
18-May-90,17.20,385.895
21-May-90,16.72,389.638
22-May-90,17.84,390.325
23-May-90,17.18,391.278
24-May-90,17.70,390.371
25-May-90,17.32,386.375
29-May-90,18.75,393.082
30-May-90,17.44,393.323
31-May-90,17.37,393.801
01-Jun-90,17.09,395.940
04-Jun-90,18.39,400.636
05-Jun-90,18.97,399.864
06-Jun-90,17.42,398.047
07-Jun-90,16.88,396.090
08-Jun-90,17.58,391.255
11-Jun-90,16.34,394.612
12-Jun-90,16.60,399.672
13-Jun-90,17.38,398.212
14-Jun-90,17.40,396.042
15-Jun-90,15.90,396.058
18-Jun-90,17.71,389.502
19-Jun-90,15.23,391.266
20-Jun-90,15.27,391.961
21-Jun-90,14.72,393.456
22-Jun-90,19.36,387.956
25-Jun-90,17.06,384.778
26-Jun-90,16.29,384.520
27-Jun-90,16.00,387.892
28-Jun-90,16.18,390.644
29-Jun-90,15.50,391.144
02-Jul-90,16.26,392.813
03-Jul-90,16.11,393.655
05-Jul-90,17.25,388.821
06-Jul-90,16.41,391.816
09-Jul-90,16.66,393.052
10-Jul-90,16.92,389.745
11-Jul-90,16.68,394.932
12-Jul-90,17.06,399.534
13-Jul-90,17.09,401.579
16-Jul-90,16.75,403.455
17-Jul-90,16.66,401.901
18-Jul-90,18.90,398.307
19-Jul-90,18.56,399.516
20-Jul-90,15.63,395.463
23-Jul-90,23.68,388.614
24-Jul-90,21.79,389.141
25-Jul-90,20.19,390.594
26-Jul-90,20.26,389.333
27-Jul-90,21.12,386.695
30-Jul-90,21.16,389.097
31-Jul-90,21.11,389.890
01-Aug-90,21.64,389.218
02-Aug-90,20.43,384.857
03-Aug-90,28.74,377.671
06-Aug-90,35.91,366.505
07-Aug-90,32.75,367.111
08-Aug-90,28.27,370.976
09-Aug-90,24.39,372.808
10-Aug-90,25.75,368.071
13-Aug-90,25.74,371.828
14-Aug-90,24.18,372.487
15-Aug-90,23.31,373.249
16-Aug-90,27.16,364.905
17-Aug-90,27.53,359.901
20-Aug-90,26.46,360.719
21-Aug-90,28.90,353.456
22-Aug-90,30.55,347.638
23-Aug-90,36.47,337.224
24-Aug-90,33.93,342.114
27-Aug-90,29.63,353.152
28-Aug-90,29.12,353.173
29-Aug-90,27.38,356.328
30-Aug-90,29.89,350.314
31-Aug-90,29.90,354.648
04-Sep-90,29.58,355.322
05-Sep-90,28.52,356.754
06-Sep-90,30.19,352.453
07-Sep-90,28.73,355.689
10-Sep-90,29.34,353.906
11-Sep-90,28.38,353.316
12-Sep-90,28.12,354.969
13-Sep-90,29.33,350.690
14-Sep-90,30.56,348.698
17-Sep-90,29.55,349.756
18-Sep-90,28.82,350.867
19-Sep-90,27.88,348.665
20-Sep-90,28.66,343.105
21-Sep-90,30.04,342.929
24-Sep-90,30.56,335.671
25-Sep-90,28.81,339.750
26-Sep-90,28.19,336.233
27-Sep-90,28.67,331.785
28-Sep-90,29.11,337.388
01-Oct-90,28.06,347.301
02-Oct-90,27.28,347.601
03-Oct-90,27.90,343.618
04-Oct-90,27.51,345.051
05-Oct-90,27.85,343.746
08-Oct-90,28.04,345.931
09-Oct-90,30.71,336.710
10-Oct-90,31.19,331.516
11-Oct-90,33.98,326.079
12-Oct-90,31.94,331.122
15-Oct-90,31.64,334.729
16-Oct-90,31.45,329.983
17-Oct-90,31.37,329.821
18-Oct-90,29.60,337.532
19-Oct-90,27.86,344.984
22-Oct-90,27.27,347.542
23-Oct-90,27.57,344.895
24-Oct-90,28.28,345.173
25-Oct-90,29.04,342.513
26-Oct-90,30.75,336.565
29-Oct-90,31.54,333.510
30-Oct-90,30.52,336.013
31-Oct-90,30.04,335.952
01-Nov-90,30.25,339.351
02-Nov-90,30.03,344.728
05-Nov-90,29.85,348.200
06-Nov-90,29.11,344.995
07-Nov-90,30.87,338.814
08-Nov-90,30.79,340.758
09-Nov-90,26.96,347.705
12-Nov-90,25.60,354.066
13-Nov-90,24.58,352.111
14-Nov-90,22.89,355.197
15-Nov-90,22.57,351.467
16-Nov-90,21.34,351.687
19-Nov-90,20.95,354.164
20-Nov-90,20.09,349.701
21-Nov-90,21.09,350.524
23-Nov-90,20.98,349.495
26-Nov-90,22.76,351.179
27-Nov-90,22.86,353.076
28-Nov-90,22.96,352.918
29-Nov-90,23.91,351.226
30-Nov-90,22.16,357.668
03-Dec-90,22.29,360.003
04-Dec-90,22.03,362.570
05-Dec-90,20.94,366.541
06-Dec-90,22.62,365.618
07-Dec-90,22.59,364.167
10-Dec-90,23.58,365.502
11-Dec-90,23.75,362.919
12-Dec-90,21.28,367.091
13-Dec-90,23.05,366.166
14-Dec-90,23.85,363.365
17-Dec-90,24.85,362.496
18-Dec-90,23.11,366.999
19-Dec-90,23.08,367.188
20-Dec-90,23.13,367.100
21-Dec-90,22.66,368.914
24-Dec-90,24.03,367.126
26-Dec-90,24.18,368.211
27-Dec-90,24.81,365.371
28-Dec-90,25.05,365.958
31-Dec-90,26.38,367.631
02-Jan-91,26.62,363.443
03-Jan-91,27.93,358.395
04-Jan-91,27.19,357.505
07-Jan-91,28.95,351.387
08-Jan-91,30.38,350.788
09-Jan-91,33.30,347.016
10-Jan-91,31.33,350.404
11-Jan-91,32.63,351.186
14-Jan-91,36.20,348.220
15-Jan-91,36.16,349.613
16-Jan-91,33.20,352.346
17-Jan-91,27.45,365.497
18-Jan-91,25.39,370.282
21-Jan-91,24.33,368.978
22-Jan-91,24.90,365.921
23-Jan-91,23.92,368.052
24-Jan-91,22.86,373.208
25-Jan-91,22.20,374.663
28-Jan-91,23.05,374.691
29-Jan-91,23.17,374.579
30-Jan-91,21.37,380.270
31-Jan-91,20.91,383.642
01-Feb-91,21.04,382.682
04-Feb-91,21.86,388.856
05-Feb-91,21.46,392.333
06-Feb-91,22.68,399.954
07-Feb-91,23.60,398.342
08-Feb-91,23.38,401.562
11-Feb-91,22.56,412.062
12-Feb-91,22.26,408.681
13-Feb-91,20.86,412.703
14-Feb-91,21.48,407.348
15-Feb-91,19.57,412.843
19-Feb-91,19.84,413.243
20-Feb-91,22.26,408.499
21-Feb-91,20.78,408.314
22-Feb-91,21.01,409.179
25-Feb-91,22.86,411.117
26-Feb-91,20.38,406.208
27-Feb-91,21.26,411.745
28-Feb-91,21.23,411.078
01-Mar-91,21.00,414.920
04-Mar-91,20.86,413.779
05-Mar-91,20.45,422.104
06-Mar-91,20.55,421.504
07-Mar-91,21.05,421.247
08-Mar-91,20.81,420.244
11-Mar-91,20.88,418.133
12-Mar-91,18.82,414.868
13-Mar-91,16.09,419.980
14-Mar-91,14.94,418.791
15-Mar-91,14.90,418.892
18-Mar-91,15.79,417.240
19-Mar-91,16.11,411.076
20-Mar-91,16.04,412.575
21-Mar-91,16.86,411.079
22-Mar-91,16.49,412.275
25-Mar-91,16.76,414.970
26-Mar-91,16.31,422.230
27-Mar-91,16.55,421.174
28-Mar-91,16.88,421.032
01-Apr-91,17.42,416.743
02-Apr-91,17.40,425.969
03-Apr-91,17.61,425.377
04-Apr-91,18.01,426.496
05-Apr-91,17.63,421.553
08-Apr-91,17.41,425.269
09-Apr-91,20.12,419.573
10-Apr-91,19.73,419.114
11-Apr-91,17.24,424.146
12-Apr-91,18.45,427.257
15-Apr-91,16.50,428.226
16-Apr-91,15.82,435.456
17-Apr-91,15.47,438.651
18-Apr-91,16.26,436.415
19-Apr-91,15.68,431.646
22-Apr-91,16.78,428.027
23-Apr-91,17.02,428.939
24-Apr-91,16.72,430.092
25-Apr-91,17.15,426.170
26-Apr-91,17.27,425.954
29-Apr-91,18.27,420.012
30-Apr-91,18.24,422.029
01-May-91,17.77,427.585
02-May-91,17.52,427.860
03-May-91,17.24,428.225
06-May-91,17.92,427.701
07-May-91,17.46,424.806
08-May-91,17.78,426.150
09-May-91,17.17,431.685
10-May-91,17.54,423.300
13-May-91,17.66,424.570
14-May-91,18.00,418.816
15-May-91,18.38,415.434
16-May-91,17.24,419.592
17-May-91,16.64,420.030
20-May-91,17.10,420.000
21-May-91,16.07,423.510
22-May-91,16.16,424.471
23-May-91,16.11,423.097
24-May-91,15.23,426.064
28-May-91,15.67,431.219
29-May-91,15.90,432.191
30-May-91,16.02,436.916
31-May-91,15.93,440.235
03-Jun-91,16.87,438.382
04-Jun-91,16.17,438.069
05-Jun-91,16.40,435.081
06-Jun-91,16.93,433.461
07-Jun-91,16.98,428.721
10-Jun-91,17.47,427.886
11-Jun-91,17.32,430.775
12-Jun-91,17.72,425.802
13-Jun-91,16.99,426.946
14-Jun-91,15.98,432.215
17-Jun-91,15.50,429.787
18-Jun-91,16.14,428.083
19-Jun-91,17.44,424.128
20-Jun-91,16.75,424.506
21-Jun-91,16.51,427.140
24-Jun-91,18.28,419.665
25-Jun-91,17.85,419.362
26-Jun-91,17.98,420.437
27-Jun-91,17.87,423.618
28-Jun-91,19.55,420.067
01-Jul-91,18.64,427.733
02-Jul-91,17.63,427.224
03-Jul-91,19.47,422.710
05-Jul-91,18.35,423.631
08-Jul-91,20.29,428.008
09-Jul-91,19.76,425.977
10-Jul-91,19.19,425.559
11-Jul-91,17.39,426.953
12-Jul-91,18.29,430.668
15-Jul-91,17.78,433.169
16-Jul-91,17.49,432.218
17-Jul-91,17.52,431.832
18-Jul-91,15.77,436.579
19-Jul-91,15.50,435.282
22-Jul-91,16.90,433.796
23-Jul-91,16.58,429.879
24-Jul-91,16.41,429.007
25-Jul-91,15.74,431.656
26-Jul-91,15.45,431.649
29-Jul-91,15.67,434.245
30-Jul-91,15.47,438.374
31-Jul-91,15.18,439.646
01-Aug-91,15.47,438.886
02-Aug-91,15.26,439.015
05-Aug-91,15.92,436.787
06-Aug-91,15.54,443.309
07-Aug-91,15.56,443.416
08-Aug-91,15.98,442.078
09-Aug-91,15.45,439.724
12-Aug-91,15.26,440.868
13-Aug-91,14.73,442.708
14-Aug-91,15.09,443.090
15-Aug-91,15.19,442.473
16-Aug-91,16.01,438.278
19-Aug-91,21.19,428.008
20-Aug-91,18.86,431.385
21-Aug-91,15.62,444.083
22-Aug-91,14.59,444.943
23-Aug-91,14.41,448.174
26-Aug-91,14.81,447.960
27-Aug-91,15.46,447.164
28-Aug-91,15.31,451.304
29-Aug-91,14.82,451.118
30-Aug-91,14.46,450.062
03-Sep-91,16.57,446.390
04-Sep-91,17.18,443.937
05-Sep-91,17.31,443.005
06-Sep-91,16.76,442.969
09-Sep-91,17.73,442.528
10-Sep-91,18.22,438.114
11-Sep-91,17.96,438.721
12-Sep-91,16.21,441.293
13-Sep-91,17.88,437.034
16-Sep-91,17.82,439.711
17-Sep-91,17.68,439.428
18-Sep-91,17.56,441.071
19-Sep-91,17.56,441.783
20-Sep-91,17.08,442.273
23-Sep-91,16.38,439.997
24-Sep-91,16.04,442.209
25-Sep-91,15.68,441.293
26-Sep-91,15.35,440.849
27-Sep-91,16.31,440.178
30-Sep-91,15.85,442.530
01-Oct-91,14.81,444.076
02-Oct-91,15.81,443.005
03-Oct-91,17.04,438.690
04-Oct-91,15.63,435.224
07-Oct-91,18.58,433.265
08-Oct-91,17.81,434.634
09-Oct-91,18.54,430.216
10-Oct-91,17.80,434.499
11-Oct-91,17.60,435.600
14-Oct-91,16.71,441.332
15-Oct-91,16.22,446.535
16-Oct-91,14.85,448.586
17-Oct-91,16.32,447.597
18-Oct-91,15.87,448.260
21-Oct-91,16.66,445.451
22-Oct-91,16.55,442.955
23-Oct-91,16.26,443.080
24-Oct-91,15.62,439.803
25-Oct-91,15.75,438.835
28-Oct-91,15.45,445.007
29-Oct-91,15.55,447.355
30-Oct-91,15.46,449.046
31-Oct-91,15.48,448.480
01-Nov-91,15.60,447.195
04-Nov-91,16.35,446.380
05-Nov-91,16.48,444.815
06-Nov-91,16.47,446.371
07-Nov-91,15.97,450.725
08-Nov-91,15.43,449.996
11-Nov-91,14.89,450.259
12-Nov-91,14.04,454.436
13-Nov-91,13.95,455.252
14-Nov-91,13.96,455.000
15-Nov-91,21.18,438.357
18-Nov-91,18.28,441.506
19-Nov-91,20.34,434.855
20-Nov-91,20.40,433.862
21-Nov-91,19.11,435.620
22-Nov-91,21.20,431.250
25-Nov-91,21.92,430.446
26-Nov-91,19.80,433.454
27-Nov-91,19.84,431.901
29-Nov-91,20.26,430.409
02-Dec-91,20.18,437.673
03-Dec-91,19.70,437.266
04-Dec-91,19.54,436.276
05-Dec-91,20.19,433.222
06-Dec-91,19.04,435.191
09-Dec-91,19.74,434.296
10-Dec-91,19.89,434.034
11-Dec-91,20.57,433.809
12-Dec-91,19.08,438.242
13-Dec-91,17.88,441.600
16-Dec-91,17.62,441.608
17-Dec-91,18.12,439.690
18-Dec-91,17.78,440.542
19-Dec-91,17.96,439.443
20-Dec-91,17.65,444.646
23-Dec-91,16.61,455.888
24-Dec-91,15.67,459.060
26-Dec-91,15.44,465.423
27-Dec-91,15.70,467.405
30-Dec-91,17.63,477.390
31-Dec-91,19.31,479.633
02-Jan-92,18.95,479.839
03-Jan-92,18.75,482.240
06-Jan-92,18.96,480.851
07-Jan-92,19.23,480.226
08-Jan-92,18.72,481.032
09-Jan-92,18.96,480.498
10-Jan-92,18.45,477.611
13-Jan-92,16.80,476.749
14-Jan-92,17.01,483.783
15-Jan-92,17.39,484.198
16-Jan-92,17.64,481.269
17-Jan-92,16.32,482.045
20-Jan-92,16.42,479.168
21-Jan-92,17.92,474.899
22-Jan-92,16.75,481.217
23-Jan-92,16.46,477.575
24-Jan-92,16.24,478.177
27-Jan-92,16.67,477.703
28-Jan-92,17.67,477.733
29-Jan-92,17.62,472.450
30-Jan-92,17.49,473.939
31-Jan-92,17.40,470.695
03-Feb-92,18.20,471.675
04-Feb-92,17.96,476.836
05-Feb-92,18.22,477.016
06-Feb-92,18.79,477.123
07-Feb-92,18.51,474.068
10-Feb-92,18.56,477.395
11-Feb-92,17.70,477.435
12-Feb-92,17.37,481.349
13-Feb-92,17.45,477.409
14-Feb-92,17.03,476.178
18-Feb-92,18.22,470.317
19-Feb-92,17.16,471.348
20-Feb-92,16.72,477.893
21-Feb-92,16.87,475.077
24-Feb-92,17.13,476.131
25-Feb-92,16.35,474.156
26-Feb-92,16.64,479.818
27-Feb-92,16.51,478.120
28-Feb-92,16.68,476.791
02-Mar-92,16.88,476.662
03-Mar-92,17.26,477.284
04-Mar-92,17.55,473.244
05-Mar-92,18.47,470.013
06-Mar-92,19.75,467.710
09-Mar-92,19.68,468.698
10-Mar-92,18.68,470.706
11-Mar-92,19.79,467.405
12-Mar-92,19.72,467.252
13-Mar-92,18.35,469.523
16-Mar-92,18.46,470.181
17-Mar-92,16.79,473.918
18-Mar-92,16.69,473.422
19-Mar-92,14.57,474.183
20-Mar-92,16.31,475.924
23-Mar-92,16.73,474.319
24-Mar-92,16.32,473.129
25-Mar-92,16.19,471.797
26-Mar-92,15.69,472.207
27-Mar-92,16.02,467.168
30-Mar-92,15.97,466.701
31-Mar-92,16.18,467.518
01-Apr-92,16.48,468.160
02-Apr-92,17.06,463.855
03-Apr-92,17.46,465.108
06-Apr-92,16.72,469.992
07-Apr-92,18.81,461.286
08-Apr-92,20.15,457.160
09-Apr-92,17.89,464.318
10-Apr-92,16.85,468.591
13-Apr-92,15.65,470.675
14-Apr-92,15.98,477.989
15-Apr-92,16.03,482.498
16-Apr-92,14.85,482.247
20-Apr-92,15.93,475.472
21-Apr-92,16.53,475.601
22-Apr-92,15.96,475.079
23-Apr-92,15.83,477.161
24-Apr-92,16.31,474.197
27-Apr-92,16.49,473.616
28-Apr-92,16.24,474.469
29-Apr-92,15.95,477.844
30-Apr-92,15.53,481.245
01-May-92,16.61,478.445
04-May-92,16.92,483.766
05-May-92,16.66,483.764
06-May-92,16.81,483.749
07-May-92,16.54,483.053
08-May-92,15.65,483.302
11-May-92,15.17,486.353
12-May-92,15.68,483.826
13-May-92,15.19,484.048
14-May-92,15.49,480.239
15-May-92,14.82,476.939
18-May-92,14.62,480.291
19-May-92,13.57,484.454
20-May-92,13.62,483.341
21-May-92,13.92,480.098
22-May-92,13.73,481.857
26-May-92,14.92,478.952
27-May-92,13.99,479.853
28-May-92,13.77,485.210
29-May-92,13.86,483.604
01-Jun-92,14.43,486.038
02-Jun-92,14.57,481.769
03-Jun-92,14.35,483.055
04-Jun-92,13.66,481.565
05-Jun-92,14.65,481.825
08-Jun-92,15.45,481.740
09-Jun-92,15.97,478.095
10-Jun-92,16.62,474.825
11-Jun-92,16.29,476.934
12-Jun-92,14.95,477.775
15-Jun-92,14.76,478.411
16-Jun-92,15.22,476.159
17-Jun-92,18.08,469.093
18-Jun-92,18.20,467.591
19-Jun-92,16.31,470.756
22-Jun-92,16.66,470.448
23-Jun-92,14.53,471.199
24-Jun-92,14.40,471.210
25-Jun-92,14.40,470.393
26-Jun-92,14.67,470.903
29-Jun-92,13.21,477.340
30-Jun-92,13.35,476.409
01-Jul-92,13.34,481.950
02-Jul-92,13.88,480.662
06-Jul-92,14.87,483.321
07-Jul-92,15.83,477.874
08-Jul-92,15.53,479.182
09-Jul-92,14.60,483.833
10-Jul-92,13.70,484.289
13-Jul-92,14.01,484.587
14-Jul-92,12.85,487.882
15-Jul-92,12.52,487.205
16-Jul-92,12.27,487.756
17-Jul-92,12.60,485.531
20-Jul-92,12.66,483.386
21-Jul-92,12.60,483.409
22-Jul-92,13.57,480.103
23-Jul-92,13.33,481.453
24-Jul-92,13.37,480.893
27-Jul-92,13.90,480.917
28-Jul-92,13.05,487.978
29-Jul-92,13.44,493.519
30-Jul-92,13.50,495.506
31-Jul-92,13.17,495.872
03-Aug-92,13.83,497.048
04-Aug-92,13.58,496.391
05-Aug-92,13.82,493.857
06-Aug-92,14.23,492.164
07-Aug-92,13.94,490.367
10-Aug-92,14.51,491.220
11-Aug-92,15.09,490.631
12-Aug-92,14.88,489.346
13-Aug-92,15.34,489.315
14-Aug-92,14.66,491.957
17-Aug-92,14.61,493.020
18-Aug-92,13.84,493.830
19-Aug-92,14.35,490.142
20-Aug-92,14.48,490.258
21-Aug-92,15.01,486.272
24-Aug-92,15.31,481.486
25-Aug-92,15.88,482.608
26-Aug-92,14.50,484.939
27-Aug-92,13.66,484.979
28-Aug-92,13.14,486.522
31-Aug-92,13.58,485.723
01-Sep-92,13.40,488.229
02-Sep-92,12.73,490.510
03-Sep-92,12.88,490.539
04-Sep-92,12.98,489.534
08-Sep-92,13.65,486.462
09-Sep-92,13.36,488.909
10-Sep-92,12.92,493.143
11-Sep-92,12.47,492.710
14-Sep-92,13.00,499.614
15-Sep-92,13.63,493.205
16-Sep-92,14.72,493.381
17-Sep-92,14.31,493.408
18-Sep-92,13.74,496.933
21-Sep-92,13.45,496.104
22-Sep-92,13.88,490.235
23-Sep-92,13.83,490.600
24-Sep-92,13.44,492.044
25-Sep-92,14.80,487.219
28-Sep-92,15.19,489.976
29-Sep-92,14.97,490.230
30-Sep-92,14.28,491.431
01-Oct-92,16.31,489.663
02-Oct-92,17.79,482.821
05-Oct-92,20.01,479.651
06-Oct-92,19.42,479.211
07-Oct-92,20.23,475.762
08-Oct-92,19.26,479.919
09-Oct-92,20.51,473.943
12-Oct-92,19.49,479.570
13-Oct-92,17.90,481.761
14-Oct-92,18.42,481.850
15-Oct-92,17.11,482.158
16-Oct-92,17.01,484.665
19-Oct-92,17.31,488.542
20-Oct-92,16.87,489.153
21-Oct-92,16.62,489.376
22-Oct-92,15.84,488.470
23-Oct-92,16.46,487.888
26-Oct-92,16.32,492.413
27-Oct-92,16.24,492.894
28-Oct-92,15.95,494.827
29-Oct-92,15.47,495.689
30-Oct-92,16.15,493.129
02-Nov-92,16.67,498.083
03-Nov-92,17.33,494.894
04-Nov-92,16.28,491.696
05-Nov-92,15.38,493.486
06-Nov-92,14.69,492.810
09-Nov-92,14.23,494.052
10-Nov-92,14.37,494.115
11-Nov-92,13.99,498.340
12-Nov-92,14.37,499.169
13-Nov-92,14.61,498.686
16-Nov-92,14.86,496.755
17-Nov-92,15.01,495.198
18-Nov-92,14.55,499.442
19-Nov-92,14.33,500.367
20-Nov-92,13.67,504.001
23-Nov-92,13.40,502.259
24-Nov-92,12.66,505.351
25-Nov-92,12.50,507.262
27-Nov-92,12.58,508.417
30-Nov-92,13.01,509.920
01-Dec-92,12.80,509.416
02-Dec-92,12.56,508.435
03-Dec-92,12.03,508.493
04-Dec-92,11.81,511.074
07-Dec-92,12.00,514.978
08-Dec-92,11.73,516.991
09-Dec-92,12.58,515.580
10-Dec-92,12.75,514.386
11-Dec-92,12.34,513.327
14-Dec-92,12.66,512.305
15-Dec-92,12.41,512.033
16-Dec-92,12.58,510.792
17-Dec-92,12.14,515.447
18-Dec-92,11.66,522.381
21-Dec-92,11.65,521.701
22-Dec-92,11.75,521.241
23-Dec-92,11.51,519.737
24-Dec-92,11.57,520.887
28-Dec-92,12.22,520.193
29-Dec-92,12.29,518.834
30-Dec-92,12.60,519.842
31-Dec-92,12.57,516.178
04-Jan-93,13.36,515.999
05-Jan-93,13.35,514.862
06-Jan-93,13.37,515.076
07-Jan-93,14.72,510.583
08-Jan-93,13.77,508.605
11-Jan-93,12.86,510.900
12-Jan-93,12.78,511.006
13-Jan-93,12.42,513.413
14-Jan-93,11.99,516.863
15-Jan-93,11.57,518.349
18-Jan-93,11.49,517.981
19-Jan-93,12.06,515.970
20-Jan-93,12.15,513.883
21-Jan-93,11.69,516.397
22-Jan-93,11.30,517.132
25-Jan-93,11.38,521.874
26-Jan-93,11.45,521.859
27-Jan-93,12.01,519.676
28-Jan-93,12.04,520.329
29-Jan-93,12.42,520.494
01-Feb-93,12.33,525.032
02-Feb-93,12.25,525.222
03-Feb-93,12.12,530.752
04-Feb-93,12.29,533.888
05-Feb-93,12.90,533.193
08-Feb-93,13.22,532.127
09-Feb-93,13.48,529.258
10-Feb-93,13.43,530.355
11-Feb-93,12.69,532.066
12-Feb-93,12.38,528.523
16-Feb-93,15.76,515.922
17-Feb-93,15.90,515.218
18-Feb-93,15.56,513.588
19-Feb-93,15.02,516.372
22-Feb-93,14.70,517.703
23-Feb-93,15.04,517.304
24-Feb-93,14.72,524.556
25-Feb-93,13.76,526.319
26-Feb-93,13.16,527.587
01-Mar-93,13.60,526.066
02-Mar-93,12.49,533.214
03-Mar-93,13.13,534.953
04-Mar-93,13.44,532.722
05-Mar-93,14.08,531.368
08-Mar-93,16.22,541.672
09-Mar-93,14.17,541.431
10-Mar-93,13.91,543.732
11-Mar-93,14.26,540.638
12-Mar-93,15.66,536.019
15-Mar-93,14.74,537.951
16-Mar-93,14.51,537.916
17-Mar-93,14.53,534.296
18-Mar-93,14.17,538.571
19-Mar-93,13.23,536.533
22-Mar-93,13.66,534.988
23-Mar-93,13.02,534.847
24-Mar-93,12.44,534.025
25-Mar-93,12.08,537.622
26-Mar-93,12.21,533.934
29-Mar-93,12.63,537.589
30-Mar-93,12.23,539.063
31-Mar-93,12.53,538.719
01-Apr-93,13.02,537.086
02-Apr-93,14.50,526.711
05-Apr-93,14.12,527.846
06-Apr-93,14.24,526.497
07-Apr-93,13.64,528.371
08-Apr-93,12.83,527.348
12-Apr-93,11.93,535.148
13-Apr-93,11.70,536.172
14-Apr-93,11.76,535.503
15-Apr-93,10.96,535.231
16-Apr-93,11.29,535.876
19-Apr-93,12.06,534.161
20-Apr-93,11.94,531.356
21-Apr-93,12.11,529.601
22-Apr-93,12.68,524.862
23-Apr-93,13.36,521.722
26-Apr-93,15.25,517.684
27-Apr-93,13.93,523.087
28-Apr-93,13.12,523.099
29-Apr-93,12.80,524.139
30-Apr-93,12.42,525.698
03-May-93,12.90,528.550
04-May-93,12.14,530.593
05-May-93,12.38,531.254
06-May-93,13.22,529.879
07-May-93,13.01,528.980
10-May-93,13.72,529.864
11-May-93,13.35,531.755
12-May-93,13.56,532.313
13-May-93,14.76,525.683
14-May-93,14.39,526.370
17-May-93,14.13,527.466
18-May-93,14.19,527.490
19-May-93,14.29,536.203
20-May-93,13.98,539.842
21-May-93,14.51,534.158
24-May-93,14.10,536.867
25-May-93,14.04,538.023
26-May-93,12.88,543.540
27-May-93,13.10,542.315
28-May-93,13.47,539.761
01-Jun-93,13.67,544.200
02-Jun-93,13.48,544.407
03-Jun-93,13.54,542.818
04-Jun-93,12.86,539.931
07-Jun-93,14.07,537.152
08-Jun-93,14.74,533.607
09-Jun-93,13.96,535.112
10-Jun-93,13.31,534.651
11-Jun-93,12.71,536.922
14-Jun-93,12.33,537.487
15-Jun-93,11.99,535.793
16-Jun-93,11.87,537.197
17-Jun-93,11.66,538.545
18-Jun-93,12.24,532.716
21-Jun-93,12.25,535.780
22-Jun-93,11.65,535.434
23-Jun-93,12.04,532.144
24-Jun-93,12.25,536.515
25-Jun-93,11.25,537.696
28-Jun-93,11.11,542.902
29-Jun-93,11.29,541.532
30-Jun-93,11.26,541.341
01-Jul-93,11.51,539.557
02-Jul-93,11.33,536.012
06-Jul-93,13.87,530.744
07-Jul-93,13.05,532.427
08-Jul-93,12.24,539.413
09-Jul-93,10.80,538.839
12-Jul-93,10.85,539.870
13-Jul-93,11.02,538.802
14-Jul-93,10.78,541.209
15-Jul-93,10.60,540.214
16-Jul-93,10.96,536.041
19-Jul-93,11.46,536.430
20-Jul-93,11.05,537.994
21-Jul-93,11.97,537.837
22-Jul-93,11.69,534.626
23-Jul-93,11.32,537.741
26-Jul-93,11.32,540.219
27-Jul-93,11.34,539.289
28-Jul-93,11.37,538.026
29-Jul-93,11.25,541.695
30-Jul-93,11.73,539.164
02-Aug-93,11.47,541.754
03-Aug-93,11.49,540.894
04-Aug-93,11.71,540.064
05-Aug-93,12.03,539.646
06-Aug-93,12.33,540.344
09-Aug-93,12.39,543.206
10-Aug-93,12.31,541.721
11-Aug-93,12.07,542.970
12-Aug-93,12.38,541.195
13-Aug-93,12.19,542.657
16-Aug-93,11.69,545.499
17-Aug-93,11.59,546.498
18-Aug-93,11.52,550.015
19-Aug-93,11.63,550.527
20-Aug-93,11.62,550.215
23-Aug-93,12.15,549.145
24-Aug-93,11.80,554.649
25-Aug-93,12.10,555.155
26-Aug-93,12.14,556.382
27-Aug-93,11.91,555.781
30-Aug-93,11.74,557.530
31-Aug-93,11.85,559.621
01-Sep-93,11.48,559.199
02-Sep-93,11.87,557.028
03-Sep-93,11.16,557.173
07-Sep-93,12.90,553.777
08-Sep-93,13.24,551.536
09-Sep-93,12.67,552.786
10-Sep-93,11.70,557.895
13-Sep-93,12.16,558.525
14-Sep-93,13.15,555.941
15-Sep-93,12.70,558.025
16-Sep-93,13.36,555.425
17-Sep-93,13.39,554.700
20-Sep-93,14.60,550.237
21-Sep-93,17.30,547.701
22-Sep-93,13.75,551.638
23-Sep-93,13.36,553.502
24-Sep-93,12.47,553.609
27-Sep-93,12.49,558.733
28-Sep-93,12.19,558.411
29-Sep-93,12.63,556.730
30-Sep-93,12.99,555.330
01-Oct-93,11.83,558.240
04-Oct-93,12.85,558.525
05-Oct-93,12.97,558.395
06-Oct-93,12.68,557.844
07-Oct-93,13.14,555.968
08-Oct-93,12.04,557.390
11-Oct-93,12.26,558.080
12-Oct-93,12.41,558.373
13-Oct-93,11.38,558.821
14-Oct-93,11.00,565.338
15-Oct-93,10.87,568.572
18-Oct-93,11.33,567.358
19-Oct-93,11.61,564.666
20-Oct-93,11.32,564.496
21-Oct-93,11.20,563.636
22-Oct-93,11.48,561.105
25-Oct-93,11.83,562.318
26-Oct-93,11.83,562.533
27-Oct-93,12.01,562.908
28-Oct-93,11.88,566.689
29-Oct-93,11.46,566.817
01-Nov-93,11.78,568.487
02-Nov-93,11.74,567.855
03-Nov-93,13.26,561.329
04-Nov-93,14.68,554.824
05-Nov-93,14.97,557.671
08-Nov-93,14.31,558.557
09-Nov-93,13.94,558.757
10-Nov-93,13.72,562.897
11-Nov-93,13.88,561.586
12-Nov-93,13.33,564.939
15-Nov-93,14.46,563.106
16-Nov-93,15.11,566.835
17-Nov-93,15.57,564.530
18-Nov-93,14.65,563.104
19-Nov-93,15.03,561.934
22-Nov-93,15.90,557.740
23-Nov-93,14.27,560.121
24-Nov-93,13.51,561.937
26-Nov-93,13.77,562.802
29-Nov-93,14.12,561.495
30-Nov-93,13.76,561.414
01-Dec-93,13.83,561.582
02-Dec-93,13.51,563.176
03-Dec-93,12.69,565.341
06-Dec-93,12.84,567.313
07-Dec-93,12.41,567.750
08-Dec-93,12.46,567.181
09-Dec-93,12.43,564.811
10-Dec-93,12.60,564.526
13-Dec-93,10.98,566.709
14-Dec-93,11.13,563.535
15-Dec-93,11.03,562.066
16-Dec-93,10.90,563.914
17-Dec-93,11.08,567.624
20-Dec-93,10.75,566.989
21-Dec-93,10.08,566.328
22-Dec-93,9.31,568.792
23-Dec-93,9.48,568.865
27-Dec-93,9.70,573.101
28-Dec-93,9.82,573.602
29-Dec-93,10.46,573.177
30-Dec-93,10.69,570.840
31-Dec-93,11.66,568.202
03-Jan-94,12.57,567.095
04-Jan-94,11.91,569.072
05-Jan-94,10.94,569.897
06-Jan-94,11.27,569.373
07-Jan-94,10.96,572.764
10-Jan-94,10.74,579.370
11-Jan-94,11.29,577.980
12-Jan-94,11.65,578.029
13-Jan-94,12.08,576.011
14-Jan-94,11.42,579.037
17-Jan-94,11.35,577.074
18-Jan-94,11.63,578.241
19-Jan-94,11.32,578.312
20-Jan-94,11.16,579.141
21-Jan-94,11.49,578.824
24-Jan-94,11.60,575.538
25-Jan-94,11.38,574.318
26-Jan-94,11.17,577.122
27-Jan-94,10.30,581.818
28-Jan-94,9.94,583.853
31-Jan-94,10.63,587.519
01-Feb-94,10.65,585.265
02-Feb-94,10.61,588.194
03-Feb-94,10.75,586.687
04-Feb-94,15.25,573.684
07-Feb-94,13.96,576.203
08-Feb-94,13.66,575.356
09-Feb-94,12.41,577.606
10-Feb-94,14.24,572.956
11-Feb-94,14.46,574.511
14-Feb-94,14.64,574.711
15-Feb-94,13.14,577.639
16-Feb-94,13.42,577.999
17-Feb-94,13.79,575.012
18-Feb-94,14.70,571.874
22-Feb-94,13.52,576.577
23-Feb-94,13.91,575.754
24-Feb-94,16.34,567.914
25-Feb-94,15.28,570.138
28-Feb-94,14.87,571.573
01-Mar-94,15.83,568.327
02-Mar-94,16.08,568.998
03-Mar-94,16.36,566.833
04-Mar-94,16.00,568.999
07-Mar-94,14.26,571.720
08-Mar-94,16.23,570.480
09-Mar-94,14.41,572.171
10-Mar-94,16.55,568.317
11-Mar-94,14.87,571.436
14-Mar-94,16.61,572.624
15-Mar-94,14.78,572.212
16-Mar-94,14.16,575.186
17-Mar-94,12.76,577.031
18-Mar-94,13.32,577.227
21-Mar-94,14.34,574.144
22-Mar-94,13.39,574.465
23-Mar-94,12.31,574.146
24-Mar-94,13.43,569.024
25-Mar-94,13.67,564.720
28-Mar-94,14.90,564.014
29-Mar-94,16.49,554.836
30-Mar-94,18.59,546.358
31-Mar-94,20.45,546.654
04-Apr-94,23.87,538.374
05-Apr-94,18.13,550.019
06-Apr-94,17.38,549.725
07-Apr-94,16.98,553.199
08-Apr-94,16.92,548.602
11-Apr-94,16.61,552.054
12-Apr-94,16.42,549.246
13-Apr-94,17.02,547.647
14-Apr-94,16.27,547.840
15-Apr-94,15.98,547.594
18-Apr-94,17.22,543.079
19-Apr-94,16.93,543.199
20-Apr-94,17.01,542.487
21-Apr-94,14.93,550.809
22-Apr-94,14.94,549.447
25-Apr-94,14.26,555.768
26-Apr-94,13.80,554.834
28-Apr-94,14.51,551.435
29-Apr-94,13.77,553.664
02-May-94,14.11,556.437
03-May-94,13.81,556.540
04-May-94,14.29,555.002
05-May-94,14.56,554.778
06-May-94,15.08,550.463
09-May-94,16.16,544.139
10-May-94,15.52,548.721
11-May-94,15.55,543.201
12-May-94,15.46,546.011
13-May-94,14.54,546.504
16-May-94,14.67,547.104
17-May-94,14.08,553.206
18-May-94,12.55,558.556
19-May-94,11.94,562.022
20-May-94,13.05,560.354
23-May-94,13.49,558.302
24-May-94,12.73,560.392
25-May-94,12.43,562.430
26-May-94,12.50,563.317
27-May-94,12.49,563.761
31-May-94,13.03,562.750
01-Jun-94,12.72,564.188
02-Jun-94,12.73,564.344
03-Jun-94,12.44,567.431
06-Jun-94,13.03,566.008
07-Jun-94,13.05,565.213
08-Jun-94,13.32,563.802
09-Jun-94,13.21,565.051
10-Jun-94,12.69,566.055
13-Jun-94,11.92,566.612
14-Jun-94,11.60,570.676
15-Jun-94,11.52,568.532
16-Jun-94,11.22,570.201
17-Jun-94,12.31,565.905
20-Jun-94,13.96,562.248
21-Jun-94,14.70,557.142
22-Jun-94,14.02,559.305
23-Jun-94,14.12,555.037
24-Jun-94,16.72,546.849
27-Jun-94,15.53,552.492
28-Jun-94,15.04,551.100
29-Jun-94,14.42,553.083
30-Jun-94,14.97,548.956
01-Jul-94,14.36,551.466
05-Jul-94,14.92,551.828
06-Jul-94,14.70,551.546
07-Jul-94,14.01,554.328
08-Jul-94,13.26,555.774
11-Jul-94,13.83,554.000
12-Jul-94,13.40,553.866
13-Jul-94,12.42,554.831
14-Jul-94,11.64,560.677
15-Jul-94,11.28,561.604
18-Jul-94,11.44,562.973
19-Jul-94,11.65,561.313
20-Jul-94,11.70,558.518
21-Jul-94,11.65,559.768
22-Jul-94,11.22,560.386
25-Jul-94,11.46,561.895
26-Jul-94,11.66,560.856
27-Jul-94,11.93,559.918
28-Jul-94,12.03,561.972
29-Jul-94,11.13,566.982
01-Aug-94,11.17,570.537
02-Aug-94,11.27,570.162
03-Aug-94,11.35,571.286
04-Aug-94,12.18,567.672
05-Aug-94,12.34,566.069
08-Aug-94,12.41,567.186
09-Aug-94,12.54,567.508
10-Aug-94,11.91,570.499
11-Aug-94,12.13,568.764
12-Aug-94,11.09,572.590
15-Aug-94,12.06,571.886
16-Aug-94,11.39,576.664
17-Aug-94,11.54,576.889
18-Aug-94,12.07,574.430
19-Aug-94,12.83,575.080
22-Aug-94,12.62,573.464
23-Aug-94,11.75,576.188
24-Aug-94,11.57,581.829
25-Aug-94,12.02,580.736
26-Aug-94,12.69,587.965
29-Aug-94,11.82,589.054
30-Aug-94,11.86,590.927
31-Aug-94,11.97,590.228
01-Sep-94,11.86,587.447
02-Sep-94,11.40,584.913
06-Sep-94,11.69,586.020
07-Sep-94,11.81,584.911
08-Sep-94,11.86,587.639
09-Sep-94,13.60,581.739
12-Sep-94,14.49,579.327
13-Sep-94,13.77,580.966
14-Sep-94,12.84,582.571
15-Sep-94,12.42,590.084
16-Sep-94,13.54,585.585
19-Sep-94,13.06,585.395
20-Sep-94,14.45,576.108
21-Sep-94,14.49,573.753
22-Sep-94,13.89,573.517
23-Sep-94,14.53,571.530
26-Sep-94,14.56,573.331
27-Sep-94,14.13,574.874
28-Sep-94,13.25,578.349
29-Sep-94,13.97,575.200
30-Sep-94,14.28,575.795
03-Oct-94,15.44,574.817
04-Oct-94,16.66,566.048
05-Oct-94,15.92,564.715
06-Oct-94,16.24,563.278
07-Oct-94,14.92,566.754
10-Oct-94,14.72,571.660
11-Oct-94,13.55,580.086
12-Oct-94,14.51,579.688
13-Oct-94,14.90,582.179
14-Oct-94,13.71,584.263
17-Oct-94,14.76,584.144
18-Oct-94,14.59,582.538
19-Oct-94,15.13,585.812
20-Oct-94,15.99,581.539
21-Oct-94,15.91,579.098
24-Oct-94,16.97,574.085
25-Oct-94,16.13,575.028
26-Oct-94,15.70,576.455
27-Oct-94,15.67,580.480
28-Oct-94,14.56,590.376
31-Oct-94,14.56,588.731
01-Nov-94,14.84,583.981
02-Nov-94,15.34,581.647
03-Nov-94,15.58,583.486
04-Nov-94,16.75,576.746
07-Nov-94,17.37,577.906
08-Nov-94,16.30,581.267
09-Nov-94,16.42,581.011
10-Nov-94,16.00,579.757
11-Nov-94,16.50,577.235
14-Nov-94,16.68,581.983
15-Nov-94,16.66,580.746
16-Nov-94,15.56,581.563
17-Nov-94,15.38,579.040
18-Nov-94,16.00,576.539
21-Nov-94,16.13,572.603
22-Nov-94,17.24,562.349
23-Nov-94,18.41,562.226
25-Nov-94,17.44,565.387
28-Nov-94,16.83,567.827
29-Nov-94,16.15,569.121
30-Nov-94,15.95,567.286
01-Dec-94,16.69,561.426
02-Dec-94,16.55,566.989
05-Dec-94,16.10,567.110
06-Dec-94,16.05,566.867
07-Dec-94,16.28,564.533
08-Dec-94,17.23,557.323
09-Dec-94,15.76,559.452
12-Dec-94,15.46,562.641
13-Dec-94,14.94,563.533
14-Dec-94,13.03,569.578
15-Dec-94,12.87,570.086
16-Dec-94,12.79,574.426
19-Dec-94,13.02,573.329
20-Dec-94,12.98,572.342
21-Dec-94,12.05,575.495
22-Dec-94,12.42,575.575
23-Dec-94,11.82,576.206
27-Dec-94,12.07,579.530
28-Dec-94,12.81,577.512
29-Dec-94,12.86,577.917
30-Dec-94,13.20,575.705
03-Jan-95,14.25,575.521
04-Jan-95,13.53,577.691
05-Jan-95,13.50,577.296
06-Jan-95,13.13,577.724
09-Jan-95,13.33,577.982
10-Jan-95,12.52,579.053
11-Jan-95,12.15,579.028
12-Jan-95,12.83,579.002
13-Jan-95,11.10,584.542
16-Jan-95,11.14,588.820
17-Jan-95,11.79,589.676
18-Jan-95,11.57,589.269
19-Jan-95,11.86,585.804
20-Jan-95,12.15,583.082
23-Jan-95,12.79,584.405
24-Jan-95,11.94,584.523
25-Jan-95,11.46,586.594
26-Jan-95,11.25,587.721
27-Jan-95,11.25,590.325
30-Jan-95,12.26,588.077
31-Jan-95,11.96,590.635
01-Feb-95,11.73,590.646
02-Feb-95,11.13,593.730
03-Feb-95,10.98,601.132
06-Feb-95,11.22,604.563
07-Feb-95,11.17,604.219
08-Feb-95,11.42,604.743
09-Feb-95,11.63,603.616
10-Feb-95,11.57,605.326
13-Feb-95,11.41,605.712
14-Feb-95,11.43,606.957
15-Feb-95,11.90,609.517
16-Feb-95,11.61,610.379
17-Feb-95,12.42,606.412
21-Feb-95,12.05,607.406
22-Feb-95,11.72,610.417
23-Feb-95,11.15,612.869
24-Feb-95,10.84,614.403
27-Feb-95,12.51,609.118
28-Feb-95,11.75,613.653
01-Mar-95,12.29,611.638
02-Mar-95,12.30,611.006
03-Mar-95,11.45,611.496
06-Mar-95,12.17,611.872
07-Mar-95,14.22,607.480
08-Mar-95,14.11,608.772
09-Mar-95,13.77,609.111
10-Mar-95,12.38,617.201
13-Mar-95,12.15,617.847
14-Mar-95,12.10,621.452
15-Mar-95,12.42,620.214
16-Mar-95,11.95,624.705
17-Mar-95,11.80,624.853
20-Mar-95,11.34,625.648
21-Mar-95,11.53,624.298
22-Mar-95,11.29,625.057
23-Mar-95,11.43,625.410
24-Mar-95,11.19,631.743
27-Mar-95,11.83,634.829
28-Mar-95,11.33,635.718
29-Mar-95,12.51,634.735
30-Mar-95,12.62,633.647
31-Mar-95,13.37,631.760
03-Apr-95,13.50,633.325
04-Apr-95,12.62,637.770
05-Apr-95,12.96,638.309
06-Apr-95,12.81,638.952
07-Apr-95,12.85,639.441
10-Apr-95,12.79,640.209
11-Apr-95,12.73,638.340
12-Apr-95,12.04,640.463
13-Apr-95,11.48,643.069
17-Apr-95,12.33,639.222
18-Apr-95,12.96,638.284
19-Apr-95,13.09,637.727
20-Apr-95,12.10,638.194
21-Apr-95,11.86,642.236
24-Apr-95,11.92,647.926
25-Apr-95,12.41,647.006
26-Apr-95,12.28,647.768
27-Apr-95,11.93,648.893
28-Apr-95,11.75,650.363
01-May-95,12.14,649.952
02-May-95,11.88,650.811
03-May-95,11.69,657.944
04-May-95,12.64,658.223
05-May-95,12.06,658.211
08-May-95,12.22,662.820
09-May-95,12.75,662.580
10-May-95,13.08,663.654
11-May-95,12.98,663.763
12-May-95,11.84,665.275
15-May-95,12.38,668.228
16-May-95,12.20,668.894
17-May-95,12.36,667.481
18-May-95,13.13,658.042
19-May-95,12.81,657.852
22-May-95,11.68,663.568
23-May-95,11.55,669.855
24-May-95,11.26,669.946
25-May-95,11.63,670.097
26-May-95,12.20,663.947
30-May-95,12.52,663.894
31-May-95,13.77,676.357
01-Jun-95,12.21,676.530
02-Jun-95,12.98,675.398
05-Jun-95,13.45,679.317
06-Jun-95,13.00,679.364
07-Jun-95,12.84,676.294
08-Jun-95,14.12,675.388
09-Jun-95,12.76,669.800
12-Jun-95,11.91,673.563
13-Jun-95,11.29,680.409
14-Jun-95,11.29,680.987
15-Jun-95,11.23,681.817
16-Jun-95,10.75,685.259
19-Jun-95,11.21,692.145
20-Jun-95,11.16,691.851
21-Jun-95,11.32,690.590
22-Jun-95,11.44,699.634
23-Jun-95,11.12,697.916
26-Jun-95,11.80,690.838
27-Jun-95,12.37,688.681
28-Jun-95,11.74,691.886
29-Jun-95,11.59,690.799
30-Jun-95,11.38,692.067
03-Jul-95,11.57,695.079
05-Jul-95,12.10,695.408
06-Jul-95,11.52,704.137
07-Jul-95,11.77,707.281
10-Jul-95,12.19,708.326
11-Jul-95,12.25,705.279
12-Jul-95,12.31,713.100
13-Jul-95,12.56,713.260
14-Jul-95,12.08,711.849
17-Jul-95,12.26,715.447
18-Jul-95,12.68,710.101
19-Jul-95,13.49,700.663
20-Jul-95,13.86,703.931
21-Jul-95,12.37,704.046
24-Jul-95,12.55,707.872
25-Jul-95,12.77,713.557
26-Jul-95,13.18,714.251
27-Jul-95,13.18,718.954
28-Jul-95,13.18,716.067
31-Jul-95,13.49,715.018
01-Aug-95,13.56,711.947
02-Aug-95,13.66,711.031
03-Aug-95,13.78,711.158
04-Aug-95,13.21,711.449
07-Aug-95,13.10,712.908
08-Aug-95,13.06,713.438
09-Aug-95,12.75,712.678
10-Aug-95,13.00,709.988
11-Aug-95,12.90,707.138
14-Aug-95,13.24,713.102
15-Aug-95,12.35,711.708
16-Aug-95,12.45,713.668
17-Aug-95,12.13,712.522
18-Aug-95,12.03,712.822
21-Aug-95,13.42,711.436
22-Aug-95,12.60,713.271
23-Aug-95,13.17,710.342
24-Aug-95,12.94,710.767
25-Aug-95,12.33,714.148
28-Aug-95,12.48,712.820
29-Aug-95,12.65,714.132
30-Aug-95,12.03,715.538
31-Aug-95,11.52,716.815
01-Sep-95,11.29,719.337
05-Sep-95,11.65,726.262
06-Sep-95,11.65,727.681
07-Sep-95,11.85,727.882
08-Sep-95,11.16,730.941
11-Sep-95,11.51,732.543
12-Sep-95,11.46,735.872
13-Sep-95,11.35,739.109
14-Sep-95,11.10,745.313
15-Sep-95,11.58,744.982
18-Sep-95,12.34,744.495
19-Sep-95,12.67,746.344
20-Sep-95,12.35,749.655
21-Sep-95,12.50,744.876
22-Sep-95,12.46,743.256
25-Sep-95,13.22,743.358
26-Sep-95,12.90,743.208
27-Sep-95,12.90,742.742
28-Sep-95,12.46,748.933
29-Sep-95,12.74,747.066
02-Oct-95,13.95,743.647
03-Oct-95,14.50,744.470
04-Oct-95,14.86,743.476
05-Oct-95,15.74,745.218
06-Oct-95,13.98,745.111
09-Oct-95,14.85,739.841
10-Oct-95,14.97,738.753
11-Oct-95,14.57,741.339
12-Oct-95,14.24,746.021
13-Oct-95,13.67,747.815
16-Oct-95,14.62,745.934
17-Oct-95,14.03,750.732
18-Oct-95,14.05,751.708
19-Oct-95,13.55,755.832
20-Oct-95,13.46,751.757
23-Oct-95,14.17,748.697
24-Oct-95,13.85,750.591
25-Oct-95,14.49,745.430
26-Oct-95,15.59,738.107
27-Oct-95,14.63,741.999
30-Oct-95,14.26,746.632
31-Oct-95,13.83,744.396
01-Nov-95,13.41,748.010
02-Nov-95,13.19,755.236
03-Nov-95,12.26,756.371
06-Nov-95,12.74,753.735
07-Nov-95,13.05,751.027
08-Nov-95,12.16,758.102
09-Nov-95,12.46,760.313
10-Nov-95,12.97,759.658
13-Nov-95,13.20,759.256
14-Nov-95,13.38,755.485
15-Nov-95,12.95,761.672
16-Nov-95,12.57,766.064
17-Nov-95,12.49,769.571
20-Nov-95,12.37,765.557
21-Nov-95,11.74,770.000
22-Nov-95,11.81,767.655
24-Nov-95,11.87,769.691
27-Nov-95,12.43,771.426
28-Nov-95,11.57,778.101
29-Nov-95,11.65,779.979
30-Nov-95,11.58,777.074
01-Dec-95,11.11,779.154
04-Dec-95,10.66,787.803
05-Dec-95,11.65,793.006
06-Dec-95,12.70,796.408
07-Dec-95,12.74,791.292
08-Dec-95,11.12,792.981
11-Dec-95,11.06,795.626
12-Dec-95,10.63,794.680
13-Dec-95,10.36,798.760
14-Dec-95,11.07,792.689
15-Dec-95,11.44,791.950
18-Dec-95,14.55,779.772
19-Dec-95,13.16,786.352
20-Dec-95,12.20,778.693
21-Dec-95,10.77,784.570
22-Dec-95,11.51,786.466
26-Dec-95,11.49,789.480
27-Dec-95,11.98,790.197
28-Dec-95,12.25,789.693
29-Dec-95,12.52,792.042
02-Jan-96,12.19,798.216
03-Jan-96,12.10,799.120
04-Jan-96,13.78,794.473
05-Jan-96,13.58,793.199
08-Jan-96,13.11,795.679
09-Jan-96,15.21,784.161
10-Jan-96,16.88,770.110
11-Jan-96,15.42,775.565
12-Jan-96,15.30,774.434
15-Jan-96,14.99,771.873
16-Jan-96,14.09,782.966
17-Jan-96,14.25,780.374
18-Jan-96,13.58,782.854
19-Jan-96,12.70,787.477
22-Jan-96,13.34,789.498
23-Jan-96,13.56,788.724
24-Jan-96,12.54,797.985
25-Jan-96,12.94,794.217
26-Jan-96,12.00,800.126
29-Jan-96,12.19,803.645
30-Jan-96,12.42,811.305
31-Jan-96,12.53,819.000
01-Feb-96,12.65,822.298
02-Feb-96,13.23,818.971
05-Feb-96,13.46,826.230
06-Feb-96,14.59,832.563
07-Feb-96,14.11,837.339
08-Feb-96,13.89,845.435
09-Feb-96,14.63,845.871
12-Feb-96,14.69,852.470
13-Feb-96,17.12,851.484
14-Feb-96,15.59,845.237
15-Feb-96,16.13,839.901
16-Feb-96,15.37,835.701
20-Feb-96,16.80,826.260
21-Feb-96,14.47,836.014
22-Feb-96,14.56,849.928
23-Feb-96,14.78,850.232
26-Feb-96,16.38,839.122
27-Feb-96,16.63,835.056
28-Feb-96,16.72,832.100
29-Feb-96,17.04,826.593
01-Mar-96,16.72,831.697
04-Mar-96,16.67,840.150
05-Mar-96,16.10,846.664
06-Mar-96,16.56,842.022
07-Mar-96,16.49,844.213
08-Mar-96,20.70,818.189
11-Mar-96,20.33,826.649
12-Mar-96,19.09,822.870
13-Mar-96,18.13,825.139
14-Mar-96,16.93,828.149
15-Mar-96,16.54,828.901
18-Mar-96,17.31,843.440
19-Mar-96,18.35,842.220
20-Mar-96,18.66,840.018
21-Mar-96,17.74,839.047
22-Mar-96,17.05,840.898
25-Mar-96,17.84,840.149
26-Mar-96,17.80,843.936
27-Mar-96,17.89,838.945
28-Mar-96,18.16,838.997
29-Mar-96,18.88,834.550
01-Apr-96,17.90,845.198
02-Apr-96,16.45,847.352
03-Apr-96,16.33,848.168
04-Apr-96,16.18,848.205
08-Apr-96,18.72,833.473
09-Apr-96,17.32,830.836
10-Apr-96,20.22,819.621
11-Apr-96,19.65,816.700
12-Apr-96,17.38,823.855
15-Apr-96,16.83,831.334
16-Apr-96,16.45,834.582
17-Apr-96,17.07,830.305
18-Apr-96,16.41,832.923
19-Apr-96,15.12,834.813
22-Apr-96,15.38,838.462
23-Apr-96,15.01,843.249
24-Apr-96,14.91,841.456
25-Apr-96,14.72,844.957
26-Apr-96,14.75,845.830
29-Apr-96,15.45,846.765
30-Apr-96,15.83,846.854
01-May-96,16.07,847.491
02-May-96,18.62,833.124
03-May-96,16.70,830.894
06-May-96,16.92,829.907
07-May-96,16.87,826.626
08-May-96,15.78,835.279
09-May-96,16.99,836.374
10-May-96,15.61,845.074
13-May-96,15.16,857.437
14-May-96,14.90,862.893
15-May-96,15.59,862.788
16-May-96,15.71,862.142
17-May-96,15.13,867.760
20-May-96,15.80,873.343
21-May-96,16.00,872.846
22-May-96,15.50,880.310
23-May-96,16.17,877.192
24-May-96,15.54,880.462
28-May-96,16.92,872.318
29-May-96,17.15,866.958
30-May-96,16.02,871.998
31-May-96,16.07,868.694
03-Jun-96,16.86,866.832
04-Jun-96,16.18,873.214
05-Jun-96,16.04,881.090
06-Jun-96,16.84,874.220
07-Jun-96,16.10,874.595
10-Jun-96,16.78,873.142
11-Jun-96,16.68,871.597
12-Jun-96,17.00,869.479
13-Jun-96,17.12,868.078
14-Jun-96,18.64,865.395
17-Jun-96,17.46,864.533
18-Jun-96,17.45,860.517
19-Jun-96,17.54,860.396
20-Jun-96,16.97,860.612
21-Jun-96,15.80,866.793
24-Jun-96,15.91,869.406
25-Jun-96,15.43,868.931
26-Jun-96,15.23,863.882
27-Jun-96,14.19,869.303
28-Jun-96,13.68,872.008
01-Jul-96,13.78,878.972
02-Jul-96,14.19,876.192
03-Jul-96,14.21,874.630
05-Jul-96,16.09,855.194
08-Jul-96,16.42,849.073
09-Jul-96,15.49,852.028
10-Jul-96,15.51,853.773
11-Jul-96,17.81,840.335
12-Jul-96,17.09,841.012
15-Jul-96,20.11,819.682
16-Jul-96,20.10,817.821
17-Jul-96,19.22,825.316
18-Jul-96,17.93,837.744
19-Jul-96,17.26,831.459
22-Jul-96,20.41,825.003
23-Jul-96,21.55,816.032
24-Jul-96,21.44,815.767
25-Jul-96,19.39,821.655
26-Jul-96,17.45,827.812
29-Jul-96,20.09,821.430
30-Jul-96,20.53,827.132
31-Jul-96,19.46,833.482
01-Aug-96,18.76,846.767
02-Aug-96,16.19,863.062
05-Aug-96,17.36,860.191
06-Aug-96,16.93,863.016
07-Aug-96,16.24,865.460
08-Aug-96,16.04,863.437
09-Aug-96,15.77,863.014
12-Aug-96,15.57,867.842
13-Aug-96,16.41,860.815
14-Aug-96,15.96,863.358
15-Aug-96,15.46,863.711
16-Aug-96,14.81,867.633
19-Aug-96,15.27,869.446
20-Aug-96,14.73,868.366
21-Aug-96,14.52,867.667
22-Aug-96,13.71,875.010
23-Aug-96,14.18,870.279
26-Aug-96,15.38,866.172
27-Aug-96,15.11,869.466
28-Aug-96,15.10,867.619
29-Aug-96,16.22,858.097
30-Aug-96,17.01,851.064
03-Sep-96,18.47,854.630
04-Sep-96,18.64,856.135
05-Sep-96,20.51,848.153
06-Sep-96,17.10,856.370
09-Sep-96,16.36,866.937
10-Sep-96,16.25,867.112
11-Sep-96,16.06,871.808
12-Sep-96,15.97,877.148
13-Sep-96,15.20,889.421
16-Sep-96,15.43,894.164
17-Sep-96,15.74,892.805
18-Sep-96,15.86,890.920
19-Sep-96,16.03,892.972
20-Sep-96,15.65,898.244
23-Sep-96,16.46,897.548
24-Sep-96,16.45,896.411
25-Sep-96,16.22,896.728
26-Sep-96,16.11,897.050
27-Sep-96,16.10,897.501
30-Sep-96,16.95,898.966
01-Oct-96,17.05,901.285
02-Oct-96,16.78,907.881
03-Oct-96,16.77,906.281
04-Oct-96,14.80,917.660
07-Oct-96,15.11,920.160
08-Oct-96,15.58,916.838
09-Oct-96,16.09,911.873
10-Oct-96,16.26,909.164
11-Oct-96,15.07,917.083
14-Oct-96,15.13,920.852
15-Oct-96,15.83,919.591
16-Oct-96,15.60,922.074
17-Oct-96,15.41,925.518
18-Oct-96,15.08,930.545
21-Oct-96,15.98,929.277
22-Oct-96,16.40,924.983
23-Oct-96,16.45,925.934
24-Oct-96,16.89,919.418
25-Oct-96,17.29,917.625
28-Oct-96,18.34,912.833
29-Oct-96,18.28,918.493
30-Oct-96,18.48,917.948
31-Oct-96,18.11,923.760
01-Nov-96,17.89,921.913
04-Nov-96,18.04,925.876
05-Nov-96,17.65,935.585
06-Nov-96,16.97,949.467
07-Nov-96,17.21,953.669
08-Nov-96,15.78,957.909
11-Nov-96,15.01,959.285
12-Nov-96,15.36,956.370
13-Nov-96,14.89,958.676
14-Nov-96,13.79,964.993
15-Nov-96,14.36,967.342
18-Nov-96,15.12,966.631
19-Nov-96,15.23,973.388
20-Nov-96,15.94,975.913
21-Nov-96,15.77,974.360
22-Nov-96,14.92,982.222
25-Nov-96,15.91,993.156
26-Nov-96,16.97,991.979
27-Nov-96,16.96,990.894
29-Nov-96,17.14,993.584
02-Dec-96,17.93,992.999
03-Dec-96,18.68,982.148
04-Dec-96,17.93,978.240
05-Dec-96,18.14,977.409
06-Dec-96,18.82,971.206
09-Dec-96,17.75,984.626
10-Dec-96,17.88,981.652
11-Dec-96,19.68,972.848
12-Dec-96,20.45,958.154
13-Dec-96,21.09,957.258
16-Dec-96,21.99,947.229
17-Dec-96,20.77,953.880
18-Dec-96,19.42,961.156
19-Dec-96,18.77,979.876
20-Dec-96,18.85,983.986
23-Dec-96,19.50,981.425
24-Dec-96,18.68,986.865
26-Dec-96,18.59,993.159
27-Dec-96,19.13,994.851
30-Dec-96,19.51,991.005
31-Dec-96,20.92,973.897
02-Jan-97,21.14,969.047
03-Jan-97,19.13,983.560
06-Jan-97,19.89,983.076
07-Jan-97,19.35,990.475
08-Jan-97,20.24,984.400
09-Jan-97,20.91,992.893
10-Jan-97,19.63,999.009
13-Jan-97,19.84,999.083
14-Jan-97,19.27,1011.387
15-Jan-97,19.40,1009.218
16-Jan-97,19.61,1012.604
17-Jan-97,18.63,1021.093
20-Jan-97,18.60,1021.790
21-Jan-97,17.81,1029.712
22-Jan-97,17.09,1034.406
23-Jan-97,18.47,1023.015
24-Jan-97,19.33,1013.753
27-Jan-97,20.16,1006.517
28-Jan-97,20.74,1006.596
29-Jan-97,20.23,1016.629
30-Jan-97,19.47,1032.121
31-Jan-97,19.50,1034.741
03-Feb-97,19.58,1035.590
04-Feb-97,19.43,1039.000
05-Feb-97,21.06,1024.719
06-Feb-97,20.16,1027.504
07-Feb-97,18.90,1039.910
10-Feb-97,20.65,1034.512
11-Feb-97,19.97,1039.994
12-Feb-97,19.48,1057.635
13-Feb-97,19.23,1069.678
14-Feb-97,19.18,1065.312
18-Feb-97,19.70,1075.816
19-Feb-97,20.61,1070.920
20-Feb-97,21.41,1058.202
21-Feb-97,20.55,1056.864
24-Feb-97,19.84,1068.088
25-Feb-97,20.49,1070.497
26-Feb-97,20.74,1062.225
27-Feb-97,21.08,1048.430
28-Feb-97,21.10,1042.851
03-Mar-97,20.89,1048.784
04-Mar-97,20.62,1043.186
05-Mar-97,19.49,1058.095
06-Mar-97,20.48,1053.700
07-Mar-97,19.32,1062.165
10-Mar-97,19.00,1073.638
11-Mar-97,19.25,1070.608
12-Mar-97,19.61,1061.511
13-Mar-97,19.79,1042.316
14-Mar-97,19.81,1047.090
17-Mar-97,20.95,1050.489
18-Mar-97,21.26,1042.521
19-Mar-97,21.74,1037.400
20-Mar-97,21.22,1033.335
21-Mar-97,19.69,1035.260
24-Mar-97,20.06,1044.246
25-Mar-97,19.26,1041.940
26-Mar-97,18.32,1044.078
27-Mar-97,20.50,1022.139
31-Mar-97,22.14,1000.020
01-Apr-97,20.84,1003.333
02-Apr-97,21.30,990.926
03-Apr-97,21.19,991.211
04-Apr-97,19.23,1001.248
07-Apr-97,18.51,1006.847
08-Apr-97,18.44,1012.411
09-Apr-97,18.56,1005.176
10-Apr-97,19.01,1002.215
11-Apr-97,19.76,974.938
14-Apr-97,19.09,982.976
15-Apr-97,18.25,997.501
16-Apr-97,17.64,1009.210
17-Apr-97,18.71,1006.926
18-Apr-97,18.75,1012.966
21-Apr-97,20.10,1005.078
22-Apr-97,19.52,1023.901
23-Apr-97,20.48,1022.669
24-Apr-97,20.83,1019.434
25-Apr-97,21.15,1011.754
28-Apr-97,21.34,1021.916
29-Apr-97,19.81,1049.845
30-Apr-97,20.06,1059.701
01-May-97,19.87,1056.130
02-May-97,17.51,1075.231
05-May-97,20.13,1098.144
06-May-97,20.85,1094.952
07-May-97,21.34,1079.052
08-May-97,21.26,1085.215
09-May-97,20.11,1091.492
12-May-97,20.25,1108.580
13-May-97,20.81,1102.780
14-May-97,21.09,1106.791
15-May-97,19.91,1114.864
16-May-97,21.57,1099.001
19-May-97,21.48,1103.683
20-May-97,19.26,1114.882
21-May-97,19.28,1111.941
22-May-97,18.77,1107.082
23-May-97,18.08,1122.163
27-May-97,19.36,1125.724
28-May-97,19.28,1122.606
29-May-97,19.02,1118.627
30-May-97,19.19,1124.219
02-Jun-97,20.85,1121.688
03-Jun-97,20.01,1120.540
04-Jun-97,20.10,1113.685
05-Jun-97,20.36,1118.228
06-Jun-97,18.94,1137.616
09-Jun-97,19.46,1144.152
10-Jun-97,19.04,1147.301
11-Jun-97,18.85,1153.214
12-Jun-97,18.51,1171.852
13-Jun-97,19.27,1184.899
16-Jun-97,19.77,1185.777
17-Jun-97,20.17,1186.467
18-Jun-97,20.45,1179.410
19-Jun-97,20.10,1191.292
20-Jun-97,20.20,1192.237
23-Jun-97,21.19,1165.618
24-Jun-97,20.74,1189.126
25-Jun-97,21.50,1179.420
26-Jun-97,21.82,1172.630
27-Jun-97,21.22,1177.453
30-Jun-97,21.53,1174.586
01-Jul-97,21.00,1182.566
02-Jul-97,19.70,1199.976
03-Jul-97,17.82,1217.113
07-Jul-97,19.13,1210.856
08-Jul-97,18.76,1219.816
09-Jul-97,20.40,1204.995
10-Jul-97,19.92,1213.317
11-Jul-97,19.06,1217.293
14-Jul-97,19.58,1219.595
15-Jul-97,19.00,1229.397
16-Jul-97,19.36,1243.863
17-Jul-97,20.54,1237.277
18-Jul-97,22.28,1215.629
21-Jul-97,23.51,1212.497
22-Jul-97,21.77,1240.441
23-Jul-97,21.30,1243.899
24-Jul-97,20.96,1248.875
25-Jul-97,20.82,1246.869
28-Jul-97,21.84,1243.764
29-Jul-97,22.02,1251.657
30-Jul-97,21.39,1265.214
31-Jul-97,21.48,1268.045
01-Aug-97,22.29,1258.592
04-Aug-97,21.94,1262.813
05-Aug-97,20.64,1265.577
06-Aug-97,20.05,1276.254
07-Aug-97,19.77,1264.199
08-Aug-97,22.46,1240.745
11-Aug-97,22.77,1245.674
12-Aug-97,23.75,1231.820
13-Aug-97,24.52,1226.100
14-Aug-97,23.11,1229.795
15-Aug-97,24.45,1197.993
18-Aug-97,24.37,1213.676
19-Aug-97,22.64,1231.681
20-Aug-97,21.09,1249.610
21-Aug-97,23.83,1230.611
22-Aug-97,24.74,1228.626
25-Aug-97,24.10,1224.119
26-Aug-97,24.73,1214.639
27-Aug-97,24.26,1215.733
28-Aug-97,24.51,1202.568
29-Aug-97,24.76,1197.007
02-Sep-97,24.53,1234.440
03-Sep-97,24.95,1235.138
04-Sep-97,25.27,1239.174
05-Sep-97,24.31,1236.815
08-Sep-97,24.40,1239.755
09-Sep-97,23.89,1242.985
10-Sep-97,24.64,1223.603
11-Sep-97,25.99,1215.413
12-Sep-97,25.17,1230.520
15-Sep-97,25.74,1225.257
16-Sep-97,23.77,1259.719
17-Sep-97,24.10,1256.289
18-Sep-97,23.48,1262.060
19-Sep-97,22.74,1266.373
22-Sep-97,22.08,1272.953
23-Sep-97,22.00,1268.292
24-Sep-97,22.64,1258.396
25-Sep-97,22.96,1249.649
26-Sep-97,22.26,1259.789
29-Sep-97,22.23,1270.640
30-Sep-97,22.91,1262.563
01-Oct-97,22.32,1273.511
02-Oct-97,22.27,1280.302
03-Oct-97,21.54,1286.418
06-Oct-97,21.61,1296.629
07-Oct-97,20.29,1310.599
08-Oct-97,21.04,1298.580
09-Oct-97,22.31,1294.323
10-Oct-97,19.75,1289.539
13-Oct-97,20.26,1291.032
14-Oct-97,19.99,1293.940
15-Oct-97,20.05,1287.883
16-Oct-97,20.53,1273.924
17-Oct-97,21.69,1259.161
20-Oct-97,20.72,1274.444
21-Oct-97,19.53,1296.678
22-Oct-97,19.86,1291.705
23-Oct-97,22.99,1267.982
24-Oct-97,23.17,1255.912
27-Oct-97,31.12,1169.685
28-Oct-97,31.22,1229.517
29-Oct-97,33.75,1226.215
30-Oct-97,38.20,1205.786
31-Oct-97,35.09,1220.397
03-Nov-97,32.09,1252.955
04-Nov-97,32.24,1255.332
05-Nov-97,32.18,1258.184
06-Nov-97,32.57,1251.968
07-Nov-97,36.27,1238.199
10-Nov-97,36.63,1229.792
11-Nov-97,36.38,1233.330
12-Nov-97,37.57,1209.817
13-Nov-97,36.64,1224.195
14-Nov-97,33.66,1239.880
17-Nov-97,31.58,1263.762
18-Nov-97,31.55,1253.261
19-Nov-97,29.93,1261.949
20-Nov-97,27.32,1281.186
21-Nov-97,26.65,1286.694
24-Nov-97,29.80,1264.794
25-Nov-97,28.95,1270.478
26-Nov-97,28.00,1271.834
28-Nov-97,27.43,1276.892
01-Dec-97,26.01,1302.819
02-Dec-97,25.66,1298.704
03-Dec-97,23.92,1305.837
04-Dec-97,23.84,1300.976
05-Dec-97,22.65,1315.277
08-Dec-97,23.22,1313.470
09-Dec-97,23.36,1304.660
10-Dec-97,24.55,1296.737
11-Dec-97,27.63,1277.224
12-Dec-97,27.92,1275.160
15-Dec-97,27.37,1288.555
16-Dec-97,26.11,1294.775
17-Dec-97,26.33,1291.519
18-Dec-97,27.19,1277.889
19-Dec-97,29.18,1266.501
22-Dec-97,28.56,1275.784
23-Dec-97,29.86,1256.316
24-Dec-97,30.27,1247.750
26-Dec-97,29.27,1252.788
29-Dec-97,26.79,1275.814
30-Dec-97,24.38,1299.337
31-Dec-97,24.01,1298.821
02-Jan-98,23.42,1305.040
05-Jan-98,24.36,1307.781
06-Jan-98,25.66,1293.803
07-Jan-98,25.07,1290.657
08-Jan-98,26.01,1280.074
09-Jan-98,28.69,1242.102
12-Jan-98,28.02,1257.526
13-Jan-98,25.17,1274.872
14-Jan-98,23.75,1282.705
15-Jan-98,23.45,1273.098
16-Jan-98,21.65,1287.533
20-Jan-98,21.65,1310.431
21-Jan-98,22.53,1300.081
22-Jan-98,23.16,1289.681
23-Jan-98,23.32,1282.396
26-Jan-98,23.97,1281.530
27-Jan-98,22.27,1297.703
28-Jan-98,22.06,1309.306
29-Jan-98,21.65,1320.161
30-Jan-98,21.47,1313.187
02-Feb-98,21.36,1341.315
03-Feb-98,20.67,1347.721
04-Feb-98,20.55,1349.106
05-Feb-98,21.29,1344.765
06-Feb-98,20.51,1356.962
09-Feb-98,21.55,1354.752
10-Feb-98,20.66,1365.854
11-Feb-98,20.38,1367.490
12-Feb-98,19.73,1373.155
13-Feb-98,19.84,1367.765
17-Feb-98,20.76,1371.413
18-Feb-98,19.66,1384.240
19-Feb-98,19.88,1379.185
20-Feb-98,19.00,1387.155
23-Feb-98,18.99,1392.457
24-Feb-98,19.35,1382.293
25-Feb-98,18.62,1399.035
26-Feb-98,18.63,1406.949
27-Feb-98,18.55,1407.900
02-Mar-98,19.19,1405.731
03-Mar-98,19.04,1411.537
04-Mar-98,19.58,1405.558
05-Mar-98,20.93,1389.271
06-Mar-98,19.14,1417.102
09-Mar-98,20.23,1412.580
10-Mar-98,19.43,1428.628
11-Mar-98,18.89,1434.558
12-Mar-98,18.25,1436.732
13-Mar-98,18.71,1434.994
16-Mar-98,18.51,1449.329
17-Mar-98,18.66,1450.914
18-Mar-98,18.29,1457.791
19-Mar-98,17.76,1463.509
20-Mar-98,18.69,1476.171
23-Mar-98,19.98,1471.348
24-Mar-98,20.51,1484.919
25-Mar-98,22.54,1479.947
26-Mar-98,22.81,1478.433
27-Mar-98,23.47,1471.492
30-Mar-98,24.66,1468.970
31-Mar-98,24.22,1479.997
01-Apr-98,23.37,1488.695
02-Apr-98,21.98,1504.687
03-Apr-98,21.82,1508.324
06-Apr-98,22.47,1506.576
07-Apr-98,23.66,1491.119
08-Apr-98,23.17,1480.535
09-Apr-98,21.51,1492.679
13-Apr-98,22.77,1491.445
14-Apr-98,21.61,1499.591
15-Apr-98,20.89,1504.400
16-Apr-98,22.06,1489.442
17-Apr-98,20.76,1509.012
20-Apr-98,20.39,1510.262
21-Apr-98,19.91,1514.325
22-Apr-98,19.87,1519.623
23-Apr-98,20.60,1504.910
24-Apr-98,21.97,1489.211
27-Apr-98,26.09,1460.500
28-Apr-98,24.17,1458.731
29-Apr-98,22.78,1471.765
30-Apr-98,21.18,1494.887
01-May-98,19.34,1507.334
04-May-98,20.32,1508.773
05-May-98,21.46,1499.968
06-May-98,22.79,1486.098
07-May-98,23.39,1472.983
08-May-98,20.57,1490.477
11-May-98,21.05,1489.204
12-May-98,20.98,1501.583
13-May-98,20.44,1506.001
14-May-98,19.64,1504.028
15-May-98,20.44,1492.460
18-May-98,21.69,1488.713
19-May-98,20.39,1493.703
20-May-98,19.89,1506.746
21-May-98,19.38,1500.796
22-May-98,18.99,1495.191
26-May-98,22.07,1473.058
27-May-98,22.59,1470.844
28-May-98,20.74,1478.284
29-May-98,21.32,1469.193
01-Jun-98,22.83,1469.459
02-Jun-98,22.00,1472.476
03-Jun-98,22.85,1458.682
04-Jun-98,21.22,1474.991
05-Jun-98,19.78,1500.682
08-Jun-98,20.58,1503.269
09-Jun-98,20.52,1506.925
10-Jun-98,21.48,1498.749
11-Jun-98,23.57,1475.294
12-Jun-98,22.78,1481.059
15-Jun-98,26.20,1451.645
16-Jun-98,24.80,1465.911
17-Jun-98,22.59,1492.277
18-Jun-98,22.09,1491.345
19-Jun-98,21.61,1483.645
22-Jun-98,21.94,1487.124
23-Jun-98,20.17,1509.071
24-Jun-98,20.02,1527.176
25-Jun-98,20.25,1522.323
26-Jun-98,19.36,1527.859
29-Jun-98,19.57,1535.008
30-Jun-98,19.71,1528.870
01-Jul-98,18.00,1548.771
02-Jul-98,17.67,1545.887
06-Jul-98,18.63,1560.825
07-Jul-98,18.62,1557.245
08-Jul-98,17.82,1573.450
09-Jul-98,18.16,1562.921
10-Jul-98,17.92,1570.708
13-Jul-98,18.26,1571.930
14-Jul-98,17.88,1588.669
15-Jul-98,17.89,1584.939
16-Jul-98,16.97,1597.355
17-Jul-98,16.23,1601.078
20-Jul-98,17.34,1597.517
21-Jul-98,20.10,1571.847
22-Jul-98,20.32,1570.627
23-Jul-98,23.01,1537.817
24-Jul-98,23.01,1539.234
27-Jul-98,23.13,1547.965
28-Jul-98,25.25,1524.987
29-Jul-98,24.79,1518.499
30-Jul-98,22.66,1542.662
31-Jul-98,24.80,1512.590
03-Aug-98,25.98,1501.532
04-Aug-98,31.06,1447.145
05-Aug-98,29.83,1459.920
06-Aug-98,28.20,1471.119
07-Aug-98,27.02,1470.880
10-Aug-98,28.75,1462.449
11-Aug-98,31.91,1443.613
12-Aug-98,28.55,1464.467
13-Aug-98,29.92,1451.925
14-Aug-98,34.75,1435.575
17-Aug-98,31.86,1463.877
18-Aug-98,28.40,1487.710
19-Aug-98,28.69,1483.560
20-Aug-98,30.00,1474.920
21-Aug-98,33.14,1460.946
24-Aug-98,31.80,1470.276
25-Aug-98,30.33,1476.644
26-Aug-98,31.14,1465.060
27-Aug-98,38.55,1408.977
28-Aug-98,39.60,1388.302
31-Aug-98,44.28,1293.904
01-Sep-98,36.48,1343.940
02-Sep-98,36.76,1339.140
03-Sep-98,41.43,1328.067
04-Sep-98,43.31,1316.813
08-Sep-98,37.90,1383.918
09-Sep-98,39.66,1360.662
10-Sep-98,45.29,1325.513
11-Sep-98,43.74,1364.949
14-Sep-98,38.57,1393.165
15-Sep-98,36.58,1403.943
16-Sep-98,35.94,1414.592
17-Sep-98,39.23,1378.682
18-Sep-98,38.63,1380.338
21-Sep-98,38.58,1385.508
22-Sep-98,36.62,1393.278
23-Sep-98,32.47,1442.663
24-Sep-98,34.66,1411.041
25-Sep-98,34.55,1413.788
28-Sep-98,34.87,1419.565
29-Sep-98,36.08,1420.036
30-Sep-98,40.95,1376.792
01-Oct-98,43.48,1335.362
02-Oct-98,40.47,1357.383
05-Oct-98,42.81,1338.374
06-Oct-98,41.20,1333.069
07-Oct-98,43.51,1314.628
08-Oct-98,45.74,1299.439
09-Oct-98,41.78,1333.231
12-Oct-98,40.07,1351.271
13-Oct-98,40.23,1347.414
14-Oct-98,38.96,1361.969
15-Oct-98,33.34,1418.807
16-Oct-98,34.82,1430.916
19-Oct-98,33.13,1439.002
20-Oct-98,33.11,1441.088
21-Oct-98,33.21,1449.300
22-Oct-98,31.53,1460.930
23-Oct-98,32.27,1450.365
26-Oct-98,32.38,1452.600
27-Oct-98,32.95,1443.145
28-Oct-98,32.42,1447.150
29-Oct-98,29.50,1471.511
30-Oct-98,28.05,1488.783
02-Nov-98,27.26,1506.309
03-Nov-98,27.76,1505.320
04-Nov-98,27.37,1516.149
05-Nov-98,26.01,1536.851
06-Nov-98,25.70,1546.699
09-Nov-98,28.09,1532.285
10-Nov-98,28.17,1529.921
11-Nov-98,28.47,1520.035
12-Nov-98,29.28,1515.746
13-Nov-98,29.03,1526.709
16-Nov-98,28.90,1540.510
17-Nov-98,27.95,1545.211
18-Nov-98,27.13,1552.398
19-Nov-98,25.50,1563.522
20-Nov-98,22.47,1578.366
23-Nov-98,21.84,1611.843
24-Nov-98,23.28,1604.869
25-Nov-98,22.15,1610.277
27-Nov-98,22.09,1617.953
30-Nov-98,26.01,1579.015
01-Dec-98,24.97,1594.871
02-Dec-98,25.43,1589.774
03-Dec-98,28.70,1561.160
04-Dec-98,25.31,1597.274
07-Dec-98,24.90,1612.176
08-Dec-98,25.58,1603.693
09-Dec-98,25.66,1606.681
10-Dec-98,26.81,1581.646
11-Dec-98,27.72,1583.925
14-Dec-98,31.31,1549.632
15-Dec-98,29.42,1579.017
16-Dec-98,29.96,1577.865
17-Dec-98,27.96,1602.473
18-Dec-98,25.04,1613.413
21-Dec-98,23.86,1633.561
22-Dec-98,22.78,1634.580
23-Dec-98,20.21,1668.502
24-Dec-98,21.48,1665.449
28-Dec-98,23.50,1664.389
29-Dec-98,22.18,1687.033
30-Dec-98,23.34,1673.659
31-Dec-98,24.42,1670.006
04-Jan-99,26.17,1668.521
05-Jan-99,24.46,1691.253
06-Jan-99,23.34,1729.083
07-Jan-99,24.37,1725.640
08-Jan-99,23.28,1732.925
11-Jan-99,25.46,1717.690
12-Jan-99,28.10,1684.570
13-Jan-99,30.11,1677.729
14-Jan-99,32.98,1647.566
15-Jan-99,29.24,1689.818
19-Jan-99,29.24,1701.711
20-Jan-99,28.60,1708.087
21-Jan-99,30.92,1678.925
22-Jan-99,31.95,1665.387
25-Jan-99,31.13,1677.342
26-Jan-99,29.23,1702.264
27-Jan-99,29.73,1690.076
28-Jan-99,28.11,1720.437
29-Jan-99,26.25,1739.839
01-Feb-99,27.67,1730.811
02-Feb-99,28.16,1715.912
03-Feb-99,27.88,1729.841
04-Feb-99,29.48,1697.901
05-Feb-99,29.67,1685.579
08-Feb-99,30.27,1691.793
09-Feb-99,31.36,1654.233
10-Feb-99,30.45,1664.636
11-Feb-99,27.42,1706.240
12-Feb-99,29.76,1673.772
16-Feb-99,29.65,1689.754
17-Feb-99,30.65,1665.678
18-Feb-99,30.45,1683.838
19-Feb-99,29.30,1686.483
22-Feb-99,25.87,1731.323
23-Feb-99,26.49,1730.045
24-Feb-99,27.21,1706.028
25-Feb-99,28.01,1694.832
26-Feb-99,27.88,1685.767
01-Mar-99,28.37,1682.860
02-Mar-99,29.22,1668.373
03-Mar-99,29.04,1671.742
04-Mar-99,26.67,1697.760
05-Mar-99,24.08,1737.052
08-Mar-99,24.54,1747.042
09-Mar-99,25.02,1743.110
10-Mar-99,24.79,1752.751
11-Mar-99,24.37,1767.930
12-Mar-99,24.84,1763.738
15-Mar-99,25.24,1781.024
16-Mar-99,25.15,1779.835
17-Mar-99,25.57,1768.272
18-Mar-99,24.13,1793.850
19-Mar-99,24.32,1770.337
22-Mar-99,25.00,1767.257
23-Mar-99,27.27,1719.756
24-Mar-99,26.60,1728.570
25-Mar-99,24.33,1757.750
26-Mar-99,24.04,1747.953
29-Mar-99,23.54,1785.498
30-Mar-99,22.73,1772.790
31-Mar-99,23.26,1753.212
01-Apr-99,22.06,1763.313
05-Apr-99,22.19,1800.668
06-Apr-99,22.65,1796.336
07-Apr-99,22.81,1808.969
08-Apr-99,22.59,1832.343
09-Apr-99,21.77,1838.301
12-Apr-99,21.93,1852.352
13-Apr-99,22.73,1840.400
14-Apr-99,24.94,1811.287
15-Apr-99,23.93,1803.684
16-Apr-99,23.90,1798.422
19-Apr-99,26.42,1758.186
20-Apr-99,25.02,1780.943
21-Apr-99,23.31,1821.876
22-Apr-99,22.62,1852.863
23-Apr-99,22.76,1850.177
26-Apr-99,23.53,1854.526
27-Apr-99,23.36,1858.290
28-Apr-99,24.40,1842.217
29-Apr-99,25.06,1831.525
30-Apr-99,25.07,1821.106
03-May-99,24.15,1847.634
04-May-99,25.62,1816.785
05-May-99,25.19,1838.080
06-May-99,27.44,1817.390
07-May-99,25.36,1835.061
10-May-99,26.62,1829.159
11-May-99,25.62,1850.163
12-May-99,26.13,1861.973
13-May-99,25.02,1866.872
14-May-99,26.86,1826.309
17-May-99,27.28,1828.667
18-May-99,27.26,1820.364
19-May-99,25.08,1835.332
20-May-99,24.46,1828.053
21-May-99,24.40,1816.407
24-May-99,27.62,1784.141
25-May-99,28.90,1753.794
26-May-99,27.57,1781.844
27-May-99,28.12,1750.192
28-May-99,25.39,1778.100
01-Jun-99,26.62,1767.803
02-Jun-99,26.21,1768.918
03-Jun-99,26.20,1775.401
04-Jun-99,23.43,1813.971
07-Jun-99,23.78,1823.293
08-Jun-99,24.02,1799.867
09-Jun-99,23.90,1801.791
10-Jun-99,25.32,1780.191
11-Jun-99,25.90,1768.039
14-Jun-99,26.51,1768.564
15-Jun-99,25.91,1778.359
16-Jun-99,22.40,1818.398
17-Jun-99,21.95,1831.454
18-Jun-99,21.75,1835.478
21-Jun-99,21.81,1843.931
22-Jun-99,21.70,1826.001
23-Jun-99,21.32,1822.169
24-Jun-99,23.06,1798.552
25-Jun-99,21.76,1797.914
28-Jun-99,22.63,1820.090
29-Jun-99,22.51,1847.586
30-Jun-99,21.09,1876.783
01-Jul-99,19.69,1888.149
02-Jul-99,18.66,1902.177
06-Jul-99,20.73,1898.149
07-Jul-99,20.35,1909.133
08-Jul-99,19.47,1907.283
09-Jul-99,17.96,1919.402
12-Jul-99,19.73,1913.687
13-Jul-99,19.95,1906.188
14-Jul-99,19.71,1912.540
15-Jul-99,18.68,1928.209
16-Jul-99,17.42,1940.758
19-Jul-99,19.07,1925.547
20-Jul-99,21.79,1883.761
21-Jul-99,21.46,1886.858
22-Jul-99,23.05,1861.825
23-Jul-99,23.32,1856.312
26-Jul-99,24.98,1843.754
27-Jul-99,23.23,1864.384
28-Jul-99,22.85,1868.047
29-Jul-99,24.52,1835.016
30-Jul-99,24.64,1818.181
02-Aug-99,25.59,1817.270
03-Aug-99,26.27,1809.297
04-Aug-99,27.40,1786.507
05-Aug-99,27.01,1798.110
06-Aug-99,26.60,1780.062
09-Aug-99,27.66,1776.679
10-Aug-99,28.45,1754.328
11-Aug-99,25.39,1782.852
12-Aug-99,25.03,1777.751
13-Aug-99,22.31,1818.245
16-Aug-99,23.07,1822.529
17-Aug-99,21.67,1840.881
18-Aug-99,23.30,1825.561
19-Aug-99,24.39,1812.979
20-Aug-99,22.95,1830.816
23-Aug-99,22.55,1863.176
24-Aug-99,22.40,1867.680
25-Aug-99,20.96,1892.866
26-Aug-99,21.21,1865.790
27-Aug-99,21.83,1847.119
30-Aug-99,24.63,1814.112
31-Aug-99,24.45,1809.186
01-Sep-99,22.93,1824.199
02-Sep-99,24.53,1807.831
03-Sep-99,20.98,1860.150
07-Sep-99,23.44,1851.010
08-Sep-99,23.82,1842.557
09-Sep-99,23.01,1847.371
10-Sep-99,22.03,1852.854
13-Sep-99,22.89,1842.964
14-Sep-99,23.77,1832.228
15-Sep-99,24.56,1807.172
16-Sep-99,25.25,1807.977
17-Sep-99,23.30,1831.231
20-Sep-99,24.03,1831.415
21-Sep-99,25.65,1793.091
22-Sep-99,25.19,1797.149
23-Sep-99,27.84,1755.878
24-Sep-99,27.79,1751.696
27-Sep-99,26.40,1759.855
28-Sep-99,26.06,1758.769
29-Sep-99,26.49,1739.918
30-Sep-99,25.41,1759.589
01-Oct-99,24.93,1759.765
04-Oct-99,24.46,1789.713
05-Oct-99,24.79,1785.324
06-Oct-99,22.06,1818.609
07-Oct-99,23.58,1807.997
08-Oct-99,20.49,1833.217
11-Oct-99,20.63,1832.106
12-Oct-99,22.84,1801.687
13-Oct-99,25.96,1764.098
14-Oct-99,26.05,1761.181
15-Oct-99,28.75,1711.766
18-Oct-99,28.19,1721.001
19-Oct-99,26.56,1730.868
20-Oct-99,23.90,1769.550
21-Oct-99,24.02,1761.584
22-Oct-99,21.64,1786.357
25-Oct-99,23.60,1775.353
26-Oct-99,24.26,1759.268
27-Oct-99,24.20,1779.716
28-Oct-99,21.34,1842.800
29-Oct-99,22.20,1870.937
01-Nov-99,22.09,1858.861
02-Nov-99,23.10,1850.127
03-Nov-99,23.16,1860.277
04-Nov-99,23.00,1870.882
05-Nov-99,21.66,1881.326
08-Nov-99,21.87,1890.808
09-Nov-99,22.70,1875.142
10-Nov-99,22.26,1886.581
11-Nov-99,22.07,1897.570
12-Nov-99,21.65,1917.798
15-Nov-99,22.74,1915.470
16-Nov-99,20.73,1950.831
17-Nov-99,20.96,1938.221
18-Nov-99,19.76,1957.874
19-Nov-99,19.11,1953.838
22-Nov-99,19.98,1952.407
23-Nov-99,21.00,1930.101
24-Nov-99,20.26,1947.211
26-Nov-99,22.33,1946.719
29-Nov-99,23.57,1934.945
30-Nov-99,24.18,1908.970
01-Dec-99,22.23,1921.492
02-Dec-99,21.77,1937.069
03-Dec-99,19.32,1970.421
06-Dec-99,20.58,1956.718
07-Dec-99,21.09,1937.340
08-Dec-99,21.25,1930.243
09-Dec-99,21.19,1936.092
10-Dec-99,21.48,1948.374
13-Dec-99,21.72,1946.229
14-Dec-99,23.06,1929.683
15-Dec-99,22.03,1943.707
16-Dec-99,21.91,1951.311
17-Dec-99,21.35,1954.442
20-Dec-99,23.78,1950.443
21-Dec-99,22.66,1971.557
22-Dec-99,22.43,1975.502
23-Dec-99,21.12,2006.074
27-Dec-99,23.07,2004.368
28-Dec-99,22.97,2005.141
29-Dec-99,23.09,2013.384
30-Dec-99,23.91,2014.808
31-Dec-99,23.40,2021.401
